code,sex,age
gsc_fe8fbf6e,0,0
gsc_768dbd9d,1,0
gsc_1ca0acd5,1,0.5
gsc_ab6d6072,1,0.75
gsc_d8dd5615,0,0.833333333
gsc_7e669878,0,0.916666667
gsc_59706800,1,1
gsc_c517d9e9,1,1
gsc_09ab6fd3,1,1
gsc_457bcd86,0,1
gsc_c7c5d889,0,1
gsc_2ba60d38,0,1
gsc_8a595aea,1,1
gsc_e3c8012d,1,1
gsc_d6a202ad,0,1
gsc_b0c6f1ff,0,1
gsc_69e9072c,1,1
gsc_56336c46,1,1.75
gsc_e451dc60,1,2
gsc_b42b881e,1,2
gsc_fa6cfb1f,1,2
gsc_67eff99f,0,2
gsc_4a072164,1,2
gsc_eb2cf4ba,1,2
gsc_0295a863,0,2
gsc_db4ed204,1,2
gsc_29c4b623,0,2
gsc_5b368e76,1,2
gsc_144539d1,1,2
gsc_d6cfce85,1,2
gsc_4adbae76,1,2
gsc_b777c036,1,2
gsc_e9a648ea,0,2
gsc_96b373ef,1,2
gsc_9daf1b4a,1,2
gsc_f9c7b19d,1,3
gsc_7d99da19,0,3
gsc_74d7eafa,0,3
gsc_0f4fb0f9,0,3
gsc_68b4d7be,0,3
gsc_b7f95d2d,1,3
gsc_1f083fc3,1,3
gsc_50f062ea,0,3
gsc_0b2362f1,0,3
gsc_14c0a8a4,0,3
gsc_67d6ae5d,1,3
gsc_6131559c,1,3
gsc_24dae5c6,0,3
gsc_55c9587b,0,3
gsc_fd5ecb4b,0,3
gsc_1090fcc4,1,3
gsc_896b5ee1,1,3
gsc_94007995,1,3
gsc_c50b78f4,1,3
gsc_3cd7e249,0,3
gsc_4bfba6c9,1,3
gsc_099c15e6,1,3
gsc_c24a1aca,0,3
gsc_c08d37db,0,3
gsc_21abc58a,0,3
gsc_d168ef8d,1,3
gsc_703ae428,1,3
gsc_c63d5f91,1,3
gsc_8f2aa832,1,3
gsc_65b43407,0,3
gsc_e31de9d3,0,3
gsc_033a9e3a,1,3
gsc_05a71e67,0,3
gsc_e0e5cb3e,1,3
gsc_862a0c38,0,4
gsc_0097afc9,1,4
gsc_3257ef6f,1,4
gsc_46618121,0,4
gsc_dafc5c95,1,4
gsc_1cac1aa1,0,4
gsc_d7e0e37c,0,4
gsc_a38eee82,0,4
gsc_627bb417,0,4
gsc_d0e9c9f4,1,4
gsc_5b0ec66b,1,4
gsc_8bda38eb,1,4
gsc_97be3027,1,4
gsc_fd9f1697,1,4
gsc_f9ab0382,0,4
gsc_512ad9b8,0,4
gsc_7e83538f,0,4
gsc_ac7430be,1,4
gsc_51e91609,1,4
gsc_13f9ae58,0,4
gsc_6543c9da,0,4
gsc_45ed743e,1,4
gsc_6775da7d,1,4
gsc_cae4f3d2,0,4
gsc_540ec426,1,4
gsc_a954e57f,1,4
gsc_ee9363fa,0,4
gsc_0b258d3c,1,4
gsc_c2d93a2a,0,4
gsc_f3add715,0,4
gsc_04adb9ca,1,4
gsc_97d8809c,0,4
gsc_d1a3090d,1,4
gsc_8d6bd3df,1,4
gsc_1c7caa57,1,4
gsc_a0664eb3,0,4
gsc_615a60ea,0,4
gsc_3fde7927,1,4
gsc_1d331683,1,4
gsc_45a1cb2d,0,4
gsc_552428e2,1,4
gsc_337736a6,0,4
gsc_ef09fb2c,0,4
gsc_bea0459c,0,4
gsc_730f7449,1,5
gsc_94a36ac0,0,5
gsc_45a9f0db,0,5
gsc_173d21c0,1,5
gsc_13a00588,0,5
gsc_1e5a5ae8,0,5
gsc_ea6a186c,1,5
gsc_9f820f7e,1,5
gsc_967c6645,1,5
gsc_e3add9e0,1,5
gsc_f0c91c10,0,5
gsc_7f3b841e,0,5
gsc_54fe5d8e,0,5
gsc_dba65eb9,0,5
gsc_caf7a549,0,5
gsc_d887965a,1,5
gsc_31d0b243,1,5
gsc_78302703,0,5
gsc_709f12b7,0,5
gsc_0e1400e0,1,5
gsc_b406eb86,1,5
gsc_ebc5d87e,1,5
gsc_0cb334f9,1,5
gsc_4470dd50,0,5
gsc_853c57e9,1,5
gsc_021345dd,0,5
gsc_dcaf440a,0,5
gsc_40de6cce,0,5
gsc_b650194b,1,5
gsc_b135200a,0,5
gsc_53acc475,0,5
gsc_0a997a17,1,5
gsc_706bbe93,0,5
gsc_2229484c,1,5
gsc_8c1e391b,1,5
gsc_5e56b52c,1,5
gsc_4b2d8181,1,5
gsc_13b1a6e1,0,5
gsc_2685c1d4,0,5
gsc_64a41960,1,5
gsc_6ab9b01e,1,5
gsc_276c29f5,0,5
gsc_7f5b9ea0,0,5
gsc_0f4b289a,0,5
gsc_a923490a,1,5
gsc_9296046d,1,5
gsc_70ba880f,0,5
gsc_b197fae6,1,5
gsc_4590540c,1,5
gsc_da473404,1,5
gsc_c6ccc634,1,5
gsc_52b99a5b,0,5
gsc_c29b718c,1,5
gsc_3ce25a4d,1,5
gsc_aabcfa9a,1,5
gsc_507b4183,0,5
gsc_9a71c345,1,5
gsc_00796c51,0,5
gsc_34a73a8c,1,5
gsc_64568505,1,5
gsc_75b3ecdd,1,5
gsc_7162ae21,0,5
gsc_e8d64a27,0,5
gsc_3cb6d874,0,5
gsc_d14eba06,1,5
gsc_671534a6,0,5
gsc_e95d5a52,1,5
gsc_a2d196ac,1,5
gsc_55649198,0,5
gsc_c80801ce,0,5
gsc_3dc62886,1,5
gsc_53a6bb48,1,5
gsc_ab7cf7ab,1,5
gsc_9f489ff1,1,5
gsc_ded15c8e,0,5
gsc_272a6ee3,1,5
gsc_c34aa83d,0,5
gsc_206d7b4b,1,5
gsc_83d39c2b,1,5
gsc_23a00917,0,5
gsc_7c4354ef,0,5
gsc_c8fba7de,1,5
gsc_30a8338c,0,6
gsc_bbbbedff,0,6
gsc_00017754,0,6
gsc_f76bb02e,1,6
gsc_34fc30d5,0,6
gsc_c646b457,1,6
gsc_82a9ffa6,1,6
gsc_1960970e,0,6
gsc_76bec5f2,0,6
gsc_e2b74bcf,0,6
gsc_a5658493,1,6
gsc_6608d93a,1,6
gsc_bcfba361,0,6
gsc_b4d1849c,1,6
gsc_1570e04d,1,6
gsc_ee13dd08,1,6
gsc_f052410f,0,6
gsc_ed0bfda1,1,6
gsc_8252b28d,0,6
gsc_3471a530,0,6
gsc_c105e394,1,6
gsc_ae5a211b,0,6
gsc_4d8907df,1,6
gsc_7ed5374d,1,6
gsc_ac519091,0,6
gsc_e92c1b94,0,6
gsc_af903eb1,0,6
gsc_80567796,1,6
gsc_9e496af2,0,6
gsc_bd305264,0,6
gsc_a3cc071c,0,6
gsc_46fd1274,0,6
gsc_c62e1426,0,6
gsc_99286ff7,0,6
gsc_b2c7e741,0,6
gsc_b3de9695,0,6
gsc_16dbab88,1,6
gsc_e4645a39,0,6
gsc_2ed7b8d2,0,6
gsc_258794e9,1,6
gsc_b88745c4,0,6
gsc_03e80fce,0,6
gsc_ef063c5e,1,6
gsc_18c89141,0,6
gsc_7f95f2d2,0,6
gsc_4a0791c4,0,6
gsc_eed9ce9e,0,6
gsc_efa81ffe,1,6
gsc_71d3d402,1,6
gsc_223d809a,0,6
gsc_53a033ca,1,6
gsc_fe4d2709,0,6
gsc_154c8cee,1,6
gsc_14672e68,0,6
gsc_8299c846,0,6
gsc_cb30deb4,0,6
gsc_d2b99f13,0,6
gsc_12840c6d,1,6
gsc_11812d9c,0,6
gsc_eee2cd46,1,6
gsc_07aa955e,0,6
gsc_994f12e0,1,6
gsc_2f21d5e5,0,6
gsc_145f20dc,1,6
gsc_7911e39f,0,6
gsc_ad783916,0,6
gsc_faddc650,0,6
gsc_6730dd12,0,6
gsc_93e9a531,1,6
gsc_fbf9301a,1,6
gsc_fddde3b0,1,6
gsc_8b187081,1,6
gsc_ff424b1e,1,6
gsc_935eb815,0,6
gsc_74099cbd,0,6
gsc_aeba5e81,1,6
gsc_748da572,0,6
gsc_e327ae1e,0,6
gsc_b6f20224,1,6
gsc_8be1a20e,0,6
gsc_a9542218,1,6
gsc_723a8f8e,1,6
gsc_f225058c,0,6
gsc_85dd297b,0,6
gsc_8793e90f,1,6
gsc_2b450da8,1,6
gsc_c8a6e02d,1,6
gsc_80da02cc,0,7
gsc_a4a77c2a,1,7
gsc_5c6a03eb,0,7
gsc_504f3032,1,7
gsc_a3f87546,0,7
gsc_dfcb19e2,0,7
gsc_ee09d654,0,7
gsc_73f7441d,1,7
gsc_711bca06,1,7
gsc_c5396da5,1,7
gsc_d926f42e,1,7
gsc_9beefbc0,1,7
gsc_796b01b0,0,7
gsc_e6ab3475,1,7
gsc_2131047b,0,7
gsc_764a51bb,0,7
gsc_a734b371,1,7
gsc_6bec1ece,0,7
gsc_62adbf7e,0,7
gsc_38e6edf3,0,7
gsc_e773092a,0,7
gsc_dcc70514,0,7
gsc_70488403,1,7
gsc_9bc74d58,1,7
gsc_f0df3e54,0,7
gsc_d61681bb,0,7
gsc_6a065205,0,7
gsc_b5fe96cf,0,7
gsc_edb8edaf,1,7
gsc_9d771a17,1,7
gsc_7e4f4ea1,1,7
gsc_f0dd7a6f,0,7
gsc_f83b6b42,1,7
gsc_be027a6c,0,7
gsc_dd9dd90a,1,7
gsc_c4274cf4,0,7
gsc_bfdd3178,1,7
gsc_ea61d239,0,7
gsc_9476041c,0,7
gsc_7c2f6416,1,7
gsc_58ccb58f,1,7
gsc_39207b5a,0,7
gsc_f5371ee2,0,7
gsc_c6ef2f68,0,7
gsc_d5ab3721,0,7
gsc_a474ee70,1,7
gsc_97e699a0,1,7
gsc_ffb05050,0,7
gsc_f95278dd,1,7
gsc_43907f1e,0,7
gsc_7c3e4c07,1,7
gsc_40ea6a39,1,7
gsc_b4fb7bb2,0,7
gsc_ec79f9c9,1,7
gsc_b9308cf9,0,7
gsc_9e780d7f,0,7
gsc_8246af22,1,7
gsc_60718bb6,1,7
gsc_a67b1da6,1,7
gsc_b8f2457c,1,7
gsc_b45d3225,0,7
gsc_6dcadff8,0,7
gsc_3992d92b,1,7
gsc_d68f6150,0,7
gsc_e268ce35,0,7
gsc_0722ca1d,0,7
gsc_81870510,0,7
gsc_b0ff7160,1,7
gsc_efa2d6cb,0,7
gsc_9982a7d6,0,7
gsc_a6490bea,1,7
gsc_6f9bde22,1,7
gsc_82a8915b,0,7
gsc_8ba0fb2b,1,7
gsc_1d46a6e9,1,7
gsc_c30f8d26,0,7
gsc_b5d715a0,0,7
gsc_f2295b9b,1,7
gsc_e5b2d800,0,7
gsc_ddaaf1f8,0,7
gsc_175dc9e5,1,7
gsc_e641df20,0,7
gsc_080fb548,1,7
gsc_aab7c204,0,7
gsc_424e96ec,1,7
gsc_d7069c07,0,7
gsc_5a633e1b,0,7
gsc_a5a1f54b,1,7
gsc_54c645ce,0,7
gsc_7b13c248,1,7
gsc_eba75463,0,7
gsc_c5a21863,0,7
gsc_1a1076c3,0,7
gsc_53ac3738,1,7
gsc_4c678674,1,7
gsc_9d1c6645,1,7
gsc_0252fc1a,0,7
gsc_dac7d31e,1,7
gsc_1e08cc6e,0,7
gsc_efed170b,1,7
gsc_f7b2be48,1,7
gsc_8d581575,1,7
gsc_1239de4b,0,7
gsc_38dd92de,0,7
gsc_a87a2a1a,0,7
gsc_360ed4b6,1,7
gsc_48b1a9ea,1,7
gsc_04f23eb4,1,7
gsc_1d77a44b,0,8
gsc_fec79124,0,8
gsc_b587023d,0,8
gsc_7f3ef070,0,8
gsc_9c9eca44,1,8
gsc_3775acbf,0,8
gsc_d20a00af,0,8
gsc_90ae791c,0,8
gsc_97f860ca,1,8
gsc_22b16f4b,1,8
gsc_6589d883,0,8
gsc_41e244b5,1,8
gsc_1f281ab7,1,8
gsc_6c264774,0,8
gsc_ad4a2f6f,1,8
gsc_c9752cd1,0,8
gsc_ee1b094d,1,8
gsc_d4c000d9,0,8
gsc_2fcb3998,1,8
gsc_94725a9e,0,8
gsc_dbbec08b,1,8
gsc_31f6d525,1,8
gsc_97b3a595,0,8
gsc_6c3a64e3,1,8
gsc_bdaa2b6c,1,8
gsc_2105c3c9,0,8
gsc_95d13eb5,1,8
gsc_50306d3e,1,8
gsc_9aa3bcaa,0,8
gsc_51455a12,1,8
gsc_c03f879e,0,8
gsc_56dbd0ab,1,8
gsc_eba4a614,0,8
gsc_6eb23e2e,0,8
gsc_399652ce,0,8
gsc_84ba9989,0,8
gsc_69999d26,0,8
gsc_e37ec5b4,1,8
gsc_46b63fc3,0,8
gsc_d288fd13,1,8
gsc_b1f19ec7,0,8
gsc_5ee06c55,0,8
gsc_98b680d7,0,8
gsc_fae879d1,1,8
gsc_0e24e56d,0,8
gsc_4db694ca,0,8
gsc_9575b00e,1,8
gsc_18b20e54,0,8
gsc_fad3f1cb,1,8
gsc_0dcf3f50,0,8
gsc_639a1dc6,1,8
gsc_7b2346e8,0,8
gsc_a53b72d3,1,8
gsc_867a2ffd,0,8
gsc_7198b481,1,8
gsc_ebb1f805,1,8
gsc_1ff06bc5,1,8
gsc_5cb9acfd,1,8
gsc_e23b1a29,0,8
gsc_dd2e11d0,0,8
gsc_e5238c85,0,8
gsc_d88d70f6,0,8
gsc_4fb60517,1,8
gsc_15731e96,1,8
gsc_d5c66d90,0,8
gsc_530aa6b7,1,8
gsc_c07249d9,1,8
gsc_022e8276,0,8
gsc_9e45a71e,0,8
gsc_da48a90d,1,8
gsc_a47e76b0,1,8
gsc_b084a26e,0,8
gsc_91492386,0,8
gsc_ba4f3806,0,8
gsc_db27d985,1,8
gsc_0386a4f8,0,8
gsc_f03b3f8f,1,8
gsc_13c0dd88,0,8
gsc_95f9de9c,1,8
gsc_915bf80f,0,8
gsc_ff56972f,0,8
gsc_48de1ea0,1,8
gsc_1d466f57,1,8
gsc_dfff4017,0,8
gsc_ac18272f,1,8
gsc_2f8561d5,0,8
gsc_bb10f964,0,8
gsc_203c4d91,0,8
gsc_d34da9b7,0,8
gsc_70e9f5f7,0,8
gsc_26a36d4f,1,8
gsc_2ea81f9e,1,8
gsc_095542f5,0,8
gsc_94ffc0de,0,8
gsc_0ad530ce,1,8
gsc_6187eb48,1,8
gsc_f52c2263,1,9
gsc_7c0d2984,1,9
gsc_418eba10,1,9
gsc_73f11635,1,9
gsc_bfc063d4,0,9
gsc_18d148b3,1,9
gsc_b828e9fa,1,9
gsc_e46ca80f,0,9
gsc_15cbd9c3,0,9
gsc_27caeb00,1,9
gsc_c3d50f3f,0,9
gsc_da2c5aba,0,9
gsc_39bf107f,0,9
gsc_968c2594,1,9
gsc_636d6963,1,9
gsc_09422cc9,1,9
gsc_405b4ed4,1,9
gsc_5f963fc0,1,9
gsc_55a001bc,0,9
gsc_11a0ff37,1,9
gsc_46fb5f3c,0,9
gsc_7163b189,1,9
gsc_22fb8912,1,9
gsc_f3b7b827,0,9
gsc_82ed43d0,0,9
gsc_debfb0b3,0,9
gsc_1672785a,0,9
gsc_6742eecb,0,9
gsc_2a53a2c1,1,9
gsc_66b23aaf,0,9
gsc_a9a15af9,0,9
gsc_e2d17c36,1,9
gsc_243c8363,0,9
gsc_13001253,1,9
gsc_208c0606,0,9
gsc_13e76f63,0,9
gsc_6a05e8a1,0,9
gsc_af89abdc,1,9
gsc_d6206180,1,9
gsc_7fdf65ea,0,9
gsc_0189436e,0,9
gsc_7122a8d3,1,9
gsc_019de170,0,9
gsc_e1cd0ec5,0,9
gsc_9cd0099a,1,9
gsc_d793f0f1,1,9
gsc_a7e21498,0,9
gsc_b08b4ec2,0,9
gsc_839f2382,1,9
gsc_2713d006,0,9
gsc_301c5f88,1,9
gsc_971e2bf6,1,9
gsc_54c6dfe7,1,9
gsc_cabcfd68,1,9
gsc_fbe25475,0,9
gsc_c0e8ee22,1,9
gsc_afaca50c,0,9
gsc_ddeb7330,0,9
gsc_b38a5e08,1,9
gsc_4c8dc142,1,9
gsc_f56fa400,0,9
gsc_d8e2d0be,0,9
gsc_3d2ac27a,0,9
gsc_a73cec95,1,9
gsc_615b165b,0,9
gsc_3cb9fdad,0,9
gsc_65f4d5f6,0,9
gsc_ed65dc91,1,9
gsc_b9bfb0ec,0,9
gsc_824ec90a,0,9
gsc_62f5f202,0,9
gsc_d8c8ee54,0,9
gsc_265f0bd3,0,9
gsc_49542943,0,9
gsc_79b9a6bd,0,9
gsc_9dd3a974,0,9
gsc_2d8b5fbc,0,9
gsc_2351f615,0,9
gsc_bc0368d8,0,9
gsc_1dab950c,1,9
gsc_b88a1edd,0,9
gsc_58d52082,1,9
gsc_0a2620b6,0,9
gsc_33798c3b,1,9
gsc_efd4e6f7,1,9
gsc_eee8aaa5,0,9
gsc_3c5cb28b,1,9
gsc_231ebc87,0,9
gsc_6cee40b4,0,9
gsc_a796740b,1,9
gsc_1f6d30db,1,9
gsc_a60b1a1f,1,9
gsc_a36db8fe,1,9
gsc_5dbd6461,0,9
gsc_f2b45eb5,0,9
gsc_59f195c9,0,9
gsc_179ecc3e,1,9
gsc_8e0a7c65,0,9
gsc_75cba328,0,9
gsc_77ca6524,0,9
gsc_7002c53d,0,9
gsc_61f6c0e3,0,9
gsc_10de70c8,1,9
gsc_97436950,1,9
gsc_baeec4ad,1,9
gsc_9b2470a1,1,9
gsc_d70ae673,1,9
gsc_9f4d9b9d,0,9
gsc_50ea2d1b,1,9
gsc_82e684d3,0,9
gsc_60bfdd35,0,9
gsc_3ab0f383,0,9
gsc_bdaab2e5,0,9
gsc_ab140503,1,10
gsc_82a60428,0,10
gsc_8c559f6c,1,10
gsc_1a822c25,0,10
gsc_746a722c,0,10
gsc_07799552,1,10
gsc_6ce5f503,1,10
gsc_1a158e29,1,10
gsc_65506804,1,10
gsc_562b6bd7,1,10
gsc_1d4876d7,1,10
gsc_7ab30bbb,0,10
gsc_f894b137,0,10
gsc_e9eb2d40,0,10
gsc_e2e22d68,0,10
gsc_53f0251e,1,10
gsc_7e5db303,1,10
gsc_a6bf14f9,0,10
gsc_e96d88de,1,10
gsc_cf4eb3ee,1,10
gsc_e1ebc562,0,10
gsc_c8d80421,0,10
gsc_3107a925,1,10
gsc_af857170,0,10
gsc_bdd8c5c4,0,10
gsc_c1913c38,0,10
gsc_628d2e25,0,10
gsc_e90d1d3f,1,10
gsc_f31ef7d2,1,10
gsc_e72f107b,1,10
gsc_6f8bc291,1,10
gsc_0e9f1a52,0,10
gsc_f55f3027,1,10
gsc_15388b9e,0,10
gsc_bf5a4c7e,1,10
gsc_67c5756e,1,10
gsc_6a5f45de,0,10
gsc_c4d9a5b7,1,10
gsc_061a4b3f,1,10
gsc_68b902f4,0,10
gsc_70311168,1,10
gsc_95fbd1fb,1,10
gsc_a2a959ca,1,10
gsc_080a69a0,1,10
gsc_cee6d6ed,0,10
gsc_a13ff2f2,1,10
gsc_88cc3996,1,10
gsc_67c5496e,1,10
gsc_85b81c98,0,10
gsc_b889d8d2,1,10
gsc_6368fe0f,0,10
gsc_6bff06ca,1,10
gsc_2931e77d,0,10
gsc_3ffd4c7b,1,10
gsc_b5aea31b,1,10
gsc_a723f030,0,10
gsc_f8ad22a7,1,10
gsc_dcd4d88e,0,10
gsc_ecb40fe2,0,10
gsc_623ed263,1,10
gsc_e39cda29,0,10
gsc_2def61f5,1,10
gsc_22388aa4,1,10
gsc_60c023fa,0,10
gsc_5298781e,1,10
gsc_bf1d3a75,0,10
gsc_9098bf9f,0,10
gsc_8737419c,1,10
gsc_52202ffb,1,10
gsc_1793f046,1,10
gsc_d01a2f96,0,10
gsc_5e04e7b1,0,10
gsc_e2ac6ea1,1,10
gsc_6d63486a,0,10
gsc_76099b3d,0,10
gsc_90347b22,0,10
gsc_64e80444,1,10
gsc_a5af1497,0,10
gsc_19634eee,1,10
gsc_6b5105e0,1,10
gsc_8a406173,1,10
gsc_31e869ae,1,10
gsc_65ff9777,1,10
gsc_4e6a1d31,0,10
gsc_ae923527,1,10
gsc_86c96cef,1,10
gsc_bfc836b9,1,10
gsc_a9d745b9,0,10
gsc_5bded8dd,1,10
gsc_3b2456fa,0,10
gsc_104ed880,0,10
gsc_b4fcf06c,1,10
gsc_173a2146,1,10
gsc_9b2a3cb7,0,10
gsc_f3b6885a,0,10
gsc_cf62316e,1,10
gsc_b491bf66,1,10
gsc_b22e1975,1,10
gsc_c3f9165d,0,10
gsc_9eae670d,1,10
gsc_7ee86c20,1,10
gsc_4ed0cd54,0,10
gsc_3db0bc4d,0,10
gsc_bdead799,0,10
gsc_e2b5fbc4,0,10
gsc_66ea3623,1,10
gsc_73652763,1,10
gsc_d756552f,0,10
gsc_fb73d3da,1,10
gsc_c4db6e38,0,10
gsc_6fb8cc4c,0,10
gsc_327d7c08,1,10
gsc_5dfabf68,1,10
gsc_541c9fc2,0,10
gsc_28ede742,0,10
gsc_57fc84b7,0,11
gsc_49fd7515,0,11
gsc_2351aeab,0,11
gsc_94799853,0,11
gsc_441932c7,0,11
gsc_f3ae0947,0,11
gsc_627c8274,0,11
gsc_9486ebfc,0,11
gsc_ac823e59,0,11
gsc_13ffe88b,0,11
gsc_57af4eb0,1,11
gsc_e8b8da54,1,11
gsc_018c86b7,1,11
gsc_65ea344a,0,11
gsc_5f975bfd,0,11
gsc_9270c30e,1,11
gsc_c2e1d56a,0,11
gsc_fb3b27b0,0,11
gsc_5f71e744,0,11
gsc_72400698,0,11
gsc_d7acda48,0,11
gsc_44d27e6b,0,11
gsc_7198b358,0,11
gsc_33ba88ba,1,11
gsc_72c870fe,0,11
gsc_ea3468e9,0,11
gsc_30aea940,0,11
gsc_bea7f9bd,0,11
gsc_9e7cca0d,0,11
gsc_09bf0a8a,1,11
gsc_eed646a7,0,11
gsc_ea754139,1,11
gsc_5d88f160,0,11
gsc_c9cb57f6,1,11
gsc_b5416824,0,11
gsc_bcc79d55,1,11
gsc_4adae9b7,1,11
gsc_7e3b7ca1,0,11
gsc_d2351e70,1,11
gsc_6c0fa215,1,11
gsc_f0a19b3a,1,11
gsc_a2171832,0,11
gsc_12b4286f,0,11
gsc_01e96c6e,1,11
gsc_9757674d,1,11
gsc_01ed9cea,1,11
gsc_3a8cc71d,1,11
gsc_855c929c,1,11
gsc_75ec1daa,1,11
gsc_1810601c,0,11
gsc_14c9a0ba,1,11
gsc_d2e58a99,1,11
gsc_008c8660,0,11
gsc_c331e5b6,0,11
gsc_799d2e14,1,11
gsc_6540f64c,1,11
gsc_5bb1b018,1,11
gsc_8c10fc5f,1,11
gsc_8d55e4bc,0,11
gsc_fefffea7,1,11
gsc_3738c9fd,0,11
gsc_2eeda547,0,11
gsc_58ad63d2,0,11
gsc_579b901b,0,11
gsc_e5de7209,0,11
gsc_9fa250a4,0,11
gsc_dab8cc2b,0,11
gsc_b9d16153,1,11
gsc_c2a14047,1,11
gsc_9e2ef721,0,11
gsc_e43e6bb1,0,11
gsc_0aaadbeb,0,11
gsc_40472079,0,12
gsc_a5994403,1,12
gsc_3722bd5f,0,12
gsc_84a80e57,0,12
gsc_d591d2ed,0,12
gsc_77376344,0,12
gsc_8b4ef45d,1,12
gsc_5ed56168,0,12
gsc_6ad1b244,1,12
gsc_4aa2ee0b,0,12
gsc_93bd6be2,1,12
gsc_36d95bb3,0,12
gsc_40918bf6,1,12
gsc_ef7175bc,1,12
gsc_b0da6518,1,12
gsc_614099c8,1,12
gsc_0fe8c1a0,0,12
gsc_267f30ac,0,12
gsc_2f9d48cf,0,12
gsc_8b309d86,0,12
gsc_d15bbade,0,12
gsc_b11a8e85,0,12
gsc_530a2d91,1,12
gsc_8b1ce27a,0,12
gsc_cd1085ee,0,12
gsc_89410107,1,12
gsc_767852df,1,12
gsc_315a9328,1,12
gsc_65681567,1,12
gsc_a9f2839a,1,12
gsc_b0d5ef87,1,12
gsc_c4f2308d,1,12
gsc_4f6f4d70,1,12
gsc_dc4e738f,1,12
gsc_179bb70c,1,12
gsc_e310e442,1,12
gsc_06efeee9,0,12
gsc_1e4de5f6,0,12
gsc_2a994428,0,12
gsc_79ae8870,1,12
gsc_e99612cc,1,12
gsc_4e444d16,1,12
gsc_c07f2233,1,12
gsc_def6d433,0,12
gsc_5ec654f1,1,12
gsc_c2709a1d,1,12
gsc_95d636e1,1,12
gsc_f9e17156,1,12
gsc_a5d041ce,1,12
gsc_2994fd60,0,12
gsc_e2a6bd5e,1,12
gsc_a50ee852,0,12
gsc_e18226e0,0,12
gsc_43cd9e32,1,12
gsc_b472f4ef,0,12
gsc_944b6d2c,0,12
gsc_e3a455cb,1,12
gsc_2587ecb0,1,12
gsc_b80314c5,0,12
gsc_12051ec3,1,12
gsc_4ae4757f,1,12
gsc_89272f43,1,12
gsc_897112ae,0,12
gsc_4161649e,1,13
gsc_e57e7e17,1,13
gsc_4d980b09,0,13
gsc_b617c7c1,0,13
gsc_df29feac,0,13
gsc_efaab085,1,13
gsc_ff49b745,0,13
gsc_5d7671dd,0,13
gsc_85db5454,1,13
gsc_f0dc1d06,1,13
gsc_083771d7,1,13
gsc_caff9c33,1,13
gsc_115b22b6,0,13
gsc_8f0fede5,1,13
gsc_0ce48edb,1,13
gsc_fa49ff73,0,13
gsc_6487de66,0,13
gsc_a4c0ccea,0,13
gsc_090444c9,1,13
gsc_db113c56,1,13
gsc_e220ec18,1,13
gsc_537ec0bd,1,13
gsc_dca6280f,1,13
gsc_946026a2,0,13
gsc_6416f7c7,1,13
gsc_277b9ea0,0,13
gsc_dafc5f2f,0,13
gsc_2296d4b9,1,13
gsc_99ea3fe2,0,13
gsc_46b20377,0,13
gsc_fe048629,0,13
gsc_1ec806ef,1,13
gsc_f316f808,1,13
gsc_3c8e79da,1,13
gsc_e5742261,0,13
gsc_484ffa1f,1,13
gsc_edebed22,1,13
gsc_a67e5a20,0,13
gsc_04a62202,1,13
gsc_dd515587,0,13
gsc_4932a8cb,1,13
gsc_cf35c57f,0,13
gsc_c93c958d,1,13
gsc_ffcd9c09,0,13
gsc_cda58176,0,13
gsc_9fa74e65,1,13
gsc_767b33cd,1,13
gsc_098a1116,1,13
gsc_485971d4,0,13
gsc_4800bf6d,0,14
gsc_82ff0aa9,1,14
gsc_c3f2140d,1,14
gsc_3884e74b,1,14
gsc_8be9ea90,0,14
gsc_3fea5b8f,0,14
gsc_022389f5,1,14
gsc_eb64a68e,1,14
gsc_c95124b2,0,14
gsc_cbbe16bb,1,14
gsc_56cc8f31,1,14
gsc_546c125e,0,14
gsc_9aa60f6b,0,14
gsc_d55befa2,1,14
gsc_0f858b9c,1,14
gsc_739239e1,1,14
gsc_b3732731,0,14
gsc_15083231,0,14
gsc_eeee6c65,1,14
gsc_e98cc7ff,0,14
gsc_75c44564,0,14
gsc_a8d1c4c5,0,14
gsc_fb539bdd,1,14
gsc_26737a1c,0,14
gsc_210b98db,1,14
gsc_c197eadb,0,14
gsc_9c017ec1,0,14
gsc_14a4bf75,1,14
gsc_83af173f,1,14
gsc_73ae2298,0,14
gsc_4f340fe8,1,14
gsc_c84af9e7,1,14
gsc_633cbccd,0,15
gsc_ad6a0da3,0,15
gsc_0503a62c,1,15
gsc_2db8b2d8,1,15
gsc_5ee43565,0,15
gsc_42d36b49,0,15
gsc_b06fc069,0,15
gsc_ca3dc243,1,15
gsc_818b5e14,0,15
gsc_fb18ba07,1,15
gsc_e2a0dc59,1,15
gsc_e4ce04fc,0,15
gsc_eed7320a,1,15
gsc_7bd28450,0,15
gsc_a784c0ed,0,15
gsc_8b08ae31,0,15
gsc_5bbe536e,1,15
gsc_d5747804,0,15
gsc_278a038f,0,15
gsc_0caed959,1,16
gsc_1c504db0,0,16
gsc_aef82d8f,1,16
gsc_183ab1fd,0,16
gsc_ce7e421d,1,16
gsc_2c71aac2,1,16
gsc_1446a2f8,0,16
gsc_b41264a9,0,16
gsc_f77be557,0,16
gsc_3b357031,0,16
gsc_18b64b30,0,16
gsc_65d5121e,0,16
gsc_4242eb7a,0,16
gsc_9e8cfd1e,1,16
gsc_1c0fb845,0,16
gsc_61eb83b9,0,16
gsc_0aa2a9ef,0,16
gsc_5622f323,1,17
gsc_a7b8bfd7,0,17
gsc_463e9e63,0,17
gsc_98755789,0,17
gsc_847915b6,1,17
gsc_8294a59d,0,17
gsc_88fc4168,0,17
gsc_ffa315a3,0,17
gsc_cf855dd5,1,17
gsc_f260463e,0,17
gsc_541b83fc,0,17
gsc_d12b11ff,1,17
gsc_4f107967,0,17
gsc_7b250c31,0,17
gsc_475aab3e,1,18
gsc_99c0083b,0,18
gsc_f9c006cf,0,18
gsc_4c25fa7f,0,18
gsc_3de2c655,1,18
gsc_b6f9bd23,0,19
gsc_746068d5,0,19
gsc_104144f7,0,19
gsc_5ce2e15b,0,19
gsc_a4762a30,0,19
gsc_b419482d,0,19
gsc_065c95aa,0,19
gsc_5739d365,0,19
gsc_3268d539,0,19
gsc_024059da,0,19
gsc_1a0dc5aa,1,19
gsc_24d55d68,0,19
gsc_d6d29653,0,20
gsc_f9a7847e,0,20
gsc_a9fc7760,1,20
gsc_8c5f76cf,1,20
gsc_84bc31ba,0,20
gsc_ae88549c,0,20
gsc_9edb95a5,0,20
gsc_9bfe3aee,1,20
gsc_045e3ccc,0,20
gsc_abd62161,0,20
gsc_7d920056,1,20
gsc_13929a27,0,20
gsc_c875f189,1,20
gsc_72806c99,0,20
gsc_96c2be50,1,21
gsc_0132f0fb,0,21
gsc_784c2c60,0,21
gsc_24cea729,0,21
gsc_eb00b4fd,0,21
gsc_a18b6a63,0,21
gsc_14019a83,0,21
gsc_9ed20861,0,21
gsc_dd72a49d,0,21
gsc_6b48af47,0,21
gsc_b10f17b3,0,21
gsc_10aae9e4,0,21
gsc_87f60b3a,1,22
gsc_ea40ff0f,0,22
gsc_eb799c01,0,22
gsc_0fd659b9,0,22
gsc_359f751a,0,22
gsc_d0f572e5,1,22
gsc_02ade104,0,22
gsc_f30f7bc1,1,22
gsc_98c8414a,0,22
gsc_615f1ba2,0,22
gsc_29b4cba3,1,22
gsc_7a3f94c3,0,22
gsc_21b896ab,0,22
gsc_1a640648,0,22
gsc_e2975e61,0,22
gsc_1016961c,0,22
gsc_1e08d2fc,1,22
gsc_ade76371,0,22
gsc_8700a18d,0,22
gsc_3d7279f5,0,22
gsc_f62ce02a,0,22
gsc_85f643b1,0,22
gsc_8fa376c9,0,23
gsc_d4a45894,0,23
gsc_f7fbd123,1,23
gsc_3318d290,0,23
gsc_f773af50,1,23
gsc_f57598a6,0,23
gsc_faac318a,0,23
gsc_d37383d8,1,23
gsc_5dde70b3,1,23
gsc_aafd3a51,1,23
gsc_64cf8013,1,23
gsc_c5aa7ebe,1,23
gsc_ddaf06a4,0,23
gsc_6db3ad25,1,23
gsc_83740b92,0,23
gsc_455f2a1d,1,23
gsc_13859584,1,23
gsc_c1386903,1,23
gsc_2ceb311c,0,23
gsc_27c6bb40,0,24
gsc_e7d3fe19,1,24
gsc_91341d5e,1,24
gsc_b9abcc6e,0,24
gsc_d8e33650,0,24
gsc_1a4bb1d0,0,24
gsc_409f1d68,1,24
gsc_b96a7303,1,24
gsc_ab25112f,1,24
gsc_4cd2ddec,0,24
gsc_de5c5866,0,24
gsc_d1c39632,0,24
gsc_ffc7baf5,1,24
gsc_229fdd30,0,25
gsc_0905402c,0,25
gsc_2f722b47,1,25
gsc_a2bee8cf,0,25
gsc_b8be3f8c,0,25
gsc_f339121e,0,25
gsc_bd75f54e,1,25
gsc_ce08c73a,0,25
gsc_c40740d0,0,25
gsc_b4f3aa4c,1,25
gsc_695d6cb5,0,25
gsc_f0cc7f4a,0,25
gsc_724d92d3,0,25
gsc_009ec320,1,25
gsc_531b122c,0,26
gsc_c4ed70b7,0,26
gsc_d654c093,0,26
gsc_c359dba6,0,26
gsc_e840702c,0,26
gsc_ebdc941c,1,26
gsc_4e96c7b8,1,26
gsc_8be8f364,1,26
gsc_06ca7b65,0,26
gsc_4a8c90f8,1,26
gsc_ddbf0331,0,26
gsc_1a0bc0fe,1,26
gsc_a62d3259,0,26
gsc_125b7c2d,0,26
gsc_25771543,0,27
gsc_3bd6e2a9,1,27
gsc_785af5a7,1,27
gsc_3cb542cb,1,27
gsc_b3ea1225,0,27
gsc_8dcbe14f,0,27
gsc_ec98cdb5,0,27
gsc_28f67394,0,27
gsc_e4a27465,0,27
gsc_2d120cb3,0,27
gsc_1e8d2664,0,27
gsc_88e7c719,1,27
gsc_fd5bd259,0,27
gsc_beb071e0,0,27
gsc_5990b0a1,0,27
gsc_95ec5df5,1,28
gsc_f4e67038,1,28
gsc_956e93e7,0,28
gsc_8924be2e,1,28
gsc_3a5b0537,0,28
gsc_07f2619c,0,28
gsc_5f352ce2,0,28
gsc_dee8be96,1,28
gsc_18ae2a8e,1,28
gsc_900a82aa,0,28
gsc_0a1e0c48,0,28
gsc_44109616,1,28
gsc_b47c9d74,1,28
gsc_1ee4f1d0,0,28
gsc_6e5c8310,0,28
gsc_0e6207d1,0,28
gsc_12b6e0fb,0,28
gsc_f36ebf59,0,29
gsc_c72f8b8f,1,29
gsc_df359909,0,29
gsc_9bfc5664,1,29
gsc_76680b30,1,29
gsc_b50f1b17,0,29
gsc_4c8bdf2b,0,29
gsc_57717ff4,0,29
gsc_2c5e9232,1,29
gsc_e1686c84,0,29
gsc_3670bfe2,1,29
gsc_f5ab718c,0,30
gsc_b71a7ef9,1,30
gsc_c5093d9f,0,30
gsc_ca2f3e85,0,30
gsc_375db5dd,0,30
gsc_6bb570d5,1,30
gsc_e79dd00f,1,30
gsc_5434683f,0,30
gsc_962c17a3,0,30
gsc_15608706,0,30
gsc_5807da0f,0,30
gsc_2c5e3124,0,30
gsc_157a7761,0,30
gsc_8c086932,0,30
gsc_d88ceec7,1,30
gsc_e4bbeba1,0,30
gsc_071f0c1b,1,30
gsc_bb3d0c47,0,30
gsc_a533b49a,1,30
gsc_f76f94fe,0,30
gsc_f0e5a960,0,30
gsc_645e598c,0,30
gsc_d44174a8,0,30
gsc_c186989e,1,30
gsc_8e5b15f5,0,30
gsc_811c95a6,0,30
gsc_f4598157,0,30
gsc_e36811a8,0,31
gsc_cc67fc67,0,31
gsc_fa886eec,0,31
gsc_dad295ef,0,31
gsc_72f5f1a3,1,31
gsc_2bd6a7e4,0,31
gsc_e8c70ec5,0,31
gsc_c31fa9d2,0,31
gsc_4a0e2634,0,31
gsc_027117da,0,31
gsc_b5df9621,0,31
gsc_5511bdc4,1,31
gsc_40449440,1,32
gsc_94229059,1,32
gsc_d7d6f328,1,32
gsc_b8f6edf1,1,32
gsc_13f39f4d,0,32
gsc_b411476d,0,32
gsc_4fe95f69,0,32
gsc_77c46531,0,32
gsc_dab93dc3,0,32
gsc_85600897,0,32
gsc_09ebcc23,1,32
gsc_b23e46ff,0,32
gsc_1a0c54ad,0,32
gsc_c5da27a6,1,32
gsc_e96e461c,0,32
gsc_3bd2d6bc,1,32
gsc_45b23667,0,32
gsc_b5c2726b,0,32
gsc_a003f699,1,32
gsc_0a9f1f57,0,32
gsc_9149e1cf,0,32
gsc_e97c7cd6,0,32
gsc_52d4ebf7,0,32
gsc_bf8d531e,0,32
gsc_8f4f86aa,0,32
gsc_2afffa6b,0,32
gsc_a8c20426,0,33
gsc_ebb1015c,0,33
gsc_95ad3e57,1,33
gsc_7ade48e1,1,33
gsc_0f73b68e,0,33
gsc_4ee4e5a0,1,33
gsc_6d0aadf5,1,33
gsc_a8c1ce57,0,33
gsc_a908a9ee,0,33
gsc_4244c86e,0,33
gsc_8b2e5070,0,33
gsc_1fbbb19e,0,33
gsc_06e41268,0,33
gsc_0a30006b,1,33
gsc_598a2a3d,0,33
gsc_0195db0c,0,33
gsc_88a021f6,1,33
gsc_1150b08a,0,33
gsc_19bf8867,1,33
gsc_b322d5fc,0,33
gsc_7725f9ee,0,33
gsc_e90a5f29,0,33
gsc_6a096779,0,33
gsc_cfc4d911,0,33
gsc_1743af77,1,33
gsc_fa0dbc87,0,33
gsc_2f596c77,0,33
gsc_14e2f6a8,0,33
gsc_58d76e07,0,33
gsc_212de7f5,0,33
gsc_145cf36d,0,33
gsc_1539abfc,0,34
gsc_2e79af3a,1,34
gsc_dfff63ed,0,34
gsc_e783567a,0,34
gsc_93615aff,0,34
gsc_edc1fffc,0,34
gsc_993bc2ca,0,34
gsc_62315ca2,1,34
gsc_9dbc491c,0,34
gsc_dc33cf47,1,34
gsc_5d6edfdb,0,34
gsc_39c50c53,1,34
gsc_748401e8,0,34
gsc_9efe7280,1,34
gsc_fb55823d,1,34
gsc_18c3a113,0,34
gsc_3aab5177,0,34
gsc_a3931354,1,34
gsc_e5081b14,1,34
gsc_3fe014f7,1,34
gsc_4175cad5,0,34
gsc_45b463e9,0,34
gsc_738d2c34,0,34
gsc_c88b87f3,0,34
gsc_734ea172,0,34
gsc_a26042c5,0,34
gsc_cc1d8f7f,1,34
gsc_17e58571,0,34
gsc_21156088,0,34
gsc_76e402fa,0,35
gsc_ebb2ffa8,1,35
gsc_8ed01382,0,35
gsc_9b22b9ac,1,35
gsc_e4c4ced6,1,35
gsc_0c5941ac,1,35
gsc_69acddee,1,35
gsc_421bb30b,1,35
gsc_a3dc2adf,1,35
gsc_dd9f94ca,0,35
gsc_c02a4e89,1,35
gsc_0037f8ff,0,35
gsc_36f57e83,1,35
gsc_5b175991,0,35
gsc_9d335dd6,0,35
gsc_c982b62a,0,35
gsc_b2b96ede,0,35
gsc_82e9a421,1,35
gsc_e72e2c70,0,35
gsc_2c93bb52,1,35
gsc_17938249,0,35
gsc_4b588b92,1,35
gsc_ed670963,0,35
gsc_d709cf23,0,35
gsc_a015fc0e,0,35
gsc_66e65b3c,0,35
gsc_3f9ac223,0,35
gsc_1597a888,0,35
gsc_d1a30b48,0,35
gsc_d6260bad,0,35
gsc_69c9315b,1,35
gsc_01190673,0,35
gsc_e88f3831,0,35
gsc_60bdae10,0,35
gsc_4bd1355f,1,35
gsc_8c130eef,1,35
gsc_4c2602cc,1,35
gsc_351c65ab,1,35
gsc_9bc43ffc,1,36
gsc_6c641b2c,0,36
gsc_03b83b8a,0,36
gsc_c2360752,1,36
gsc_67210f72,0,36
gsc_a410f69c,0,36
gsc_225f87ba,0,36
gsc_d745d7c1,0,36
gsc_18379a0b,1,36
gsc_5a24d190,1,36
gsc_dd45d1ef,0,36
gsc_68a5432b,0,36
gsc_c5e91fac,1,36
gsc_1fab8e2a,0,36
gsc_c2c30afd,0,36
gsc_1710e81c,1,36
gsc_35231c39,0,36
gsc_9e53a458,0,36
gsc_7e8beeb1,1,36
gsc_a8f73512,1,36
gsc_fb715090,1,36
gsc_aebcdd9c,0,36
gsc_8fe38cb8,0,36
gsc_a02b33a3,0,36
gsc_f2cd76f2,0,36
gsc_cada5b40,1,36
gsc_d0bb08a9,0,36
gsc_6fe80010,0,36
gsc_097efe7b,0,36
gsc_617ab9df,0,36
gsc_13a482cc,0,36
gsc_db25f77e,0,36
gsc_6529b15b,0,36
gsc_903aa34a,0,36
gsc_f56e5220,1,36
gsc_42c4a147,1,36
gsc_e87929b9,1,36
gsc_53f1a0f7,0,36
gsc_ae590301,0,36
gsc_4b78271e,0,36
gsc_a5aacbb7,1,36
gsc_a6fc23ff,1,36
gsc_4c345bd2,0,36
gsc_56c219f3,0,37
gsc_889e140d,0,37
gsc_930ce0ab,0,37
gsc_a47aae0a,0,37
gsc_73e45451,1,37
gsc_9258252d,0,37
gsc_8e8f5a92,0,37
gsc_fd370e16,0,37
gsc_00f36177,0,37
gsc_7eb0b045,0,37
gsc_b6df7c87,0,37
gsc_82b064ef,0,37
gsc_5731c4de,1,37
gsc_47feaaed,0,37
gsc_b80b6657,0,37
gsc_2fe9f873,1,37
gsc_820c5af0,1,37
gsc_97414d51,0,37
gsc_63a3cd85,0,37
gsc_45608afb,1,37
gsc_1568c040,0,37
gsc_880d0936,0,37
gsc_8ceda8c1,0,37
gsc_8e778fc6,1,37
gsc_a00eff58,1,37
gsc_53c4fc3d,0,37
gsc_6a3ae964,0,37
gsc_13213204,0,37
gsc_f93400e2,0,37
gsc_83b37462,0,37
gsc_d381d43f,0,37
gsc_3aacdc67,1,37
gsc_926a07eb,0,37
gsc_981672c4,0,37
gsc_cf53760d,1,37
gsc_d8d1c7cf,0,37
gsc_b5be8503,1,37
gsc_a71e3e6d,0,37
gsc_51d761e7,1,37
gsc_1b4d9b10,1,37
gsc_cac502e2,0,37
gsc_74c11727,1,37
gsc_88aa880b,0,38
gsc_016de0b9,1,38
gsc_95f4bcce,0,38
gsc_93e13dcf,1,38
gsc_daccba10,1,38
gsc_8747e05f,0,38
gsc_0c1c7fa7,0,38
gsc_49d7500e,1,38
gsc_8254fb31,1,38
gsc_45ccb7fc,1,38
gsc_3aa0d24a,0,38
gsc_aa9a7ac8,0,38
gsc_1bed09ba,1,38
gsc_7d4a1ec1,0,38
gsc_a6b91e3b,1,38
gsc_7a48e325,0,38
gsc_6e4b1003,0,38
gsc_448d7323,1,38
gsc_be64cc82,1,38
gsc_55a70ef4,0,38
gsc_ee3b6eb7,1,38
gsc_431ec745,1,38
gsc_74b7a156,0,38
gsc_42c76db4,1,38
gsc_f4ae1157,0,38
gsc_a6229287,1,38
gsc_961560e9,0,38
gsc_ac9a74ee,1,38
gsc_19616e8a,0,38
gsc_63730548,1,39
gsc_f185dbcf,1,39
gsc_86b2f206,1,39
gsc_930e2f11,0,39
gsc_8705f9cf,0,39
gsc_f2672db9,1,39
gsc_63f3d9de,1,39
gsc_e8398fae,0,39
gsc_f14d06b1,0,39
gsc_99899dc0,1,39
gsc_b78c9256,0,39
gsc_917640b1,0,39
gsc_9a0afd1f,0,39
gsc_53e78a79,1,39
gsc_35c087c5,0,39
gsc_274bbe2a,1,39
gsc_68de0d23,0,39
gsc_b5eae161,0,39
gsc_dcf89266,0,39
gsc_3474efe3,1,39
gsc_a094c6a3,1,39
gsc_4d65dd3a,0,39
gsc_aced1653,1,39
gsc_84772785,0,39
gsc_597e16bc,1,39
gsc_dac7341f,0,39
gsc_cf12743a,0,39
gsc_6d949fb3,1,39
gsc_28c3b33b,0,39
gsc_d6ba4976,0,39
gsc_cabf44ff,1,39
gsc_d3954f24,1,39
gsc_b7472614,0,39
gsc_51d20dd8,0,39
gsc_26a9366d,0,39
gsc_03a072e7,0,39
gsc_ad60207b,1,39
gsc_ceee1107,1,39
gsc_5b71e9e9,0,39
gsc_dc46029d,0,39
gsc_bd768440,1,39
gsc_b273dc6e,0,39
gsc_8ba4db4a,0,39
gsc_b808a16d,0,39
gsc_56ae99b2,0,39
gsc_b334c8dc,1,39
gsc_1213995a,0,40
gsc_af4e5060,0,40
gsc_1dbc2676,0,40
gsc_01f1b172,1,40
gsc_675611bb,0,40
gsc_4757ad2a,0,40
gsc_ac8e2158,0,40
gsc_99199ea4,0,40
gsc_53007155,0,40
gsc_cd00c733,1,40
gsc_71730b12,0,40
gsc_532da53e,1,40
gsc_b12e19e6,0,40
gsc_3dcdc2ce,0,40
gsc_a1faa74e,0,40
gsc_9b8f1798,1,40
gsc_82bb2df9,0,40
gsc_bc3fc514,1,40
gsc_5efee47f,0,40
gsc_4d6fa1b1,1,40
gsc_315fed6c,0,40
gsc_73aedd14,1,40
gsc_ffca39d6,1,40
gsc_0a285f2d,0,40
gsc_7196fe40,1,40
gsc_4f09bb70,0,40
gsc_a08093e3,1,40
gsc_a907fa62,0,40
gsc_948d034f,1,40
gsc_01d31e14,0,40
gsc_9d756cd7,0,40
gsc_98784ad5,1,40
gsc_7a717824,0,40
gsc_f015e4ae,0,40
gsc_e060b13f,1,40
gsc_159bc721,0,40
gsc_f4d4c5e4,0,40
gsc_d6bef2f6,1,40
gsc_ba58475c,1,40
gsc_cde94d21,0,41
gsc_6fb84acc,0,41
gsc_66e691b5,0,41
gsc_6014babc,1,41
gsc_99acc472,1,41
gsc_862fcbe8,0,41
gsc_d4deedd4,0,41
gsc_a10d5da4,0,41
gsc_2891705b,0,41
gsc_0675555c,1,41
gsc_20d74918,1,41
gsc_ff8d63e9,0,41
gsc_77cbf1eb,0,41
gsc_0a91bd04,0,41
gsc_2534facb,0,41
gsc_07333e2f,1,41
gsc_c9520c28,0,41
gsc_058b3392,0,41
gsc_00959a79,0,41
gsc_7975b04f,1,41
gsc_7c588ed2,1,41
gsc_0fb5c754,1,41
gsc_913a1394,1,41
gsc_96dee4ca,1,41
gsc_f86577ab,0,41
gsc_c6e5fd53,0,41
gsc_434bb0d7,0,41
gsc_b726fa01,1,41
gsc_a9022013,0,41
gsc_ac542015,1,42
gsc_2b78f674,0,42
gsc_f051540e,1,42
gsc_8a9962f6,0,42
gsc_4f9e7150,0,42
gsc_39a714a1,0,42
gsc_5d0d9255,1,42
gsc_019eaa05,1,42
gsc_fc4cb551,0,42
gsc_e0779a0b,1,42
gsc_69607a72,1,42
gsc_9deb7570,0,42
gsc_b0396bb5,0,42
gsc_e4282dcf,0,42
gsc_cd77360e,1,42
gsc_215af12b,0,42
gsc_a514390d,0,42
gsc_cf360c19,0,42
gsc_ddcbfe19,0,42
gsc_7b06c0d0,1,42
gsc_baedc9ac,0,42
gsc_218ec4fd,1,42
gsc_5c18eeab,1,42
gsc_62ca7fce,0,42
gsc_e9bbbe94,0,42
gsc_18b87ef4,1,42
gsc_0c1391d6,1,42
gsc_233fe695,0,42
gsc_98b00e33,1,42
gsc_7247039d,0,42
gsc_2e58df39,1,42
gsc_1f903a09,0,42
gsc_d5178058,1,42
gsc_396a254a,0,42
gsc_d80d243d,0,42
gsc_e3edae42,1,42
gsc_7fb3ec3d,1,42
gsc_b4b90fac,0,42
gsc_ee9333f4,1,42
gsc_9f25ed5f,1,42
gsc_cc286e8e,0,42
gsc_3df603dd,0,42
gsc_4c8195b6,0,42
gsc_c912796f,1,42
gsc_bbd85984,0,42
gsc_0322b306,0,43
gsc_945ccd7d,1,43
gsc_5cf7ef5e,1,43
gsc_217ac768,0,43
gsc_352c1368,0,43
gsc_32694d62,0,43
gsc_53686aa5,0,43
gsc_fc889d72,0,43
gsc_c1313072,1,43
gsc_4eda4a86,1,43
gsc_a1694bcf,1,43
gsc_7f261927,1,43
gsc_2d31b4d3,1,43
gsc_d70c1bc6,0,43
gsc_c73b2a18,1,43
gsc_fdb572c9,1,43
gsc_3897f565,0,43
gsc_38301c9d,1,43
gsc_ab6c1398,1,43
gsc_d9b9958e,0,43
gsc_a0d1d66d,1,43
gsc_98c6b1bb,0,43
gsc_4d1bc9ea,0,43
gsc_8cba63f3,0,43
gsc_a447a8dc,0,43
gsc_15facc05,0,43
gsc_51147189,0,43
gsc_fd49b68a,0,43
gsc_627f05e6,1,43
gsc_54b59f73,1,43
gsc_88f867cf,0,43
gsc_3f1f95be,0,43
gsc_bd743dff,1,43
gsc_9f8a6c4c,0,43
gsc_5e8c04f0,1,43
gsc_79c0b771,0,43
gsc_0a5e7b0f,1,43
gsc_88446686,1,43
gsc_09bee9ca,0,43
gsc_8de8b304,1,43
gsc_a9b9712b,0,43
gsc_df387301,1,43
gsc_559dc6fd,0,43
gsc_76971a16,0,43
gsc_1ece6317,1,43
gsc_9f478749,0,43
gsc_fd78da2b,1,43
gsc_23a46c97,1,43
gsc_646f56a2,0,44
gsc_5ffeb6cf,0,44
gsc_f1029369,1,44
gsc_75338e20,1,44
gsc_db2f5313,1,44
gsc_80070f03,0,44
gsc_6a44c106,1,44
gsc_3e670446,1,44
gsc_133c3dcd,0,44
gsc_6b7d5528,1,44
gsc_089ffe21,0,44
gsc_fc721237,0,44
gsc_5029bb6e,0,44
gsc_bb48ffc2,1,44
gsc_55031203,1,44
gsc_be07205b,0,44
gsc_e968ee31,1,44
gsc_7c28684b,0,44
gsc_25bb6bb3,0,44
gsc_89a46894,1,44
gsc_ae1e6159,0,44
gsc_a23a8736,0,44
gsc_ec1ba0e6,0,44
gsc_2b447bb8,0,44
gsc_f28f1bb6,0,44
gsc_356343db,1,44
gsc_db2700ad,0,44
gsc_08667076,0,44
gsc_5b11e03e,1,44
gsc_be82e860,0,44
gsc_f8588847,0,44
gsc_b35c3544,0,44
gsc_ebf80fba,1,44
gsc_85f4b393,0,44
gsc_57963d98,1,44
gsc_1289a7a9,0,44
gsc_93551d9a,1,44
gsc_5f71c50e,1,44
gsc_2f73f5a1,1,44
gsc_84ea7954,0,44
gsc_696d60e9,1,44
gsc_0aff0c25,0,44
gsc_bc9a4386,1,45
gsc_e6c786d9,0,45
gsc_432c79df,1,45
gsc_e6ccbb25,1,45
gsc_9fccff62,0,45
gsc_06101119,1,45
gsc_588d5f38,0,45
gsc_d998665d,1,45
gsc_5d9d4350,1,45
gsc_7d19386e,0,45
gsc_f06eee26,1,45
gsc_2073ada5,0,45
gsc_73b2cdf6,1,45
gsc_f373f983,1,45
gsc_f90f8866,0,45
gsc_0a11e882,1,45
gsc_dc843612,1,45
gsc_2280c712,0,45
gsc_3016aff4,0,45
gsc_254bfc4a,1,45
gsc_1b62110f,1,45
gsc_1d6ab306,1,45
gsc_06ce6f3c,0,45
gsc_da00fe5e,0,45
gsc_94b0a8b8,1,45
gsc_457e297c,1,45
gsc_378b425c,1,45
gsc_d55eeb73,1,45
gsc_8af236e1,0,45
gsc_243bb932,0,45
gsc_86ace889,1,45
gsc_6af490ff,0,45
gsc_609ade1c,0,45
gsc_d30e3456,1,45
gsc_db1e1b89,0,45
gsc_39c4b355,0,45
gsc_64e180ae,0,45
gsc_584e18b2,1,45
gsc_26dc5855,1,45
gsc_88284f5a,0,45
gsc_d2319c2d,1,45
gsc_de6e8ae2,1,45
gsc_94ae5afc,0,45
gsc_ac01524c,0,45
gsc_150b0bdc,1,46
gsc_7e4e7b3e,0,46
gsc_bda3a5fe,0,46
gsc_4a38fbf4,0,46
gsc_7ec67897,0,46
gsc_c5094477,1,46
gsc_4896bab7,1,46
gsc_c29d340b,1,46
gsc_d4bbc6e8,0,46
gsc_ee9483d7,1,46
gsc_20eef2e1,1,46
gsc_fa229a1c,1,46
gsc_986d6cbd,1,46
gsc_e74e7a36,0,46
gsc_1a2f2617,1,46
gsc_a73338b1,0,46
gsc_e0f1c9b0,0,46
gsc_187b8c11,0,46
gsc_728d0548,1,46
gsc_299f12e3,0,46
gsc_c0fba315,1,46
gsc_05a1859e,1,46
gsc_354e60bd,0,46
gsc_73602994,1,46
gsc_8ee4a21e,0,46
gsc_9b53deaa,1,46
gsc_47b9183c,0,46
gsc_b546dd76,0,46
gsc_ac78a570,0,46
gsc_4bd7bcd8,0,46
gsc_4e674396,1,46
gsc_c67cf3b6,0,46
gsc_a5c5dc79,1,46
gsc_a0acaa9e,0,46
gsc_53109cd3,0,46
gsc_958adcdb,0,46
gsc_bdfe921a,0,46
gsc_1e62df6a,0,47
gsc_7ead2131,1,47
gsc_7441a0c7,0,47
gsc_296ac8ac,1,47
gsc_05c75b10,0,47
gsc_d706730f,0,47
gsc_d7745569,1,47
gsc_51a2f5fd,0,47
gsc_f97e76c3,0,47
gsc_d8880743,1,47
gsc_61e204bf,0,47
gsc_23f5b306,1,47
gsc_3039a163,0,47
gsc_889a874c,1,47
gsc_46205b3a,1,47
gsc_21c286ed,1,47
gsc_8e4c044f,1,47
gsc_a8a0eb92,1,47
gsc_8ac3eaf4,0,47
gsc_bbcc2024,1,47
gsc_fae09925,1,47
gsc_ffd3b54a,1,47
gsc_d0ae16c9,1,47
gsc_6e2bdda0,1,47
gsc_4dd8be93,0,47
gsc_51483d91,0,47
gsc_119cfb49,1,47
gsc_ecea2fcb,0,47
gsc_3ac886a1,1,47
gsc_c3eddec6,0,47
gsc_65e72a93,1,47
gsc_c81d6e85,1,47
gsc_57aadeee,1,47
gsc_1439e3c7,1,47
gsc_58ec82d3,0,47
gsc_5d0b069a,0,47
gsc_2b79a593,1,47
gsc_ed3f52b2,0,47
gsc_8b0fc266,0,47
gsc_e65c1196,0,48
gsc_ca3aebff,0,48
gsc_de54dd75,0,48
gsc_a754bdeb,1,48
gsc_62232bd1,0,48
gsc_f616b1f2,0,48
gsc_7bdda470,1,48
gsc_54d182ee,0,48
gsc_0a378ad8,0,48
gsc_4f70de60,0,48
gsc_c6f6b9d5,0,48
gsc_f110487b,1,48
gsc_ad4d81e7,0,48
gsc_c39f373b,0,48
gsc_6f294827,0,48
gsc_b1e6fb67,0,48
gsc_04a5cf16,0,48
gsc_dbfffd66,0,48
gsc_5d1150db,0,48
gsc_583898e5,1,48
gsc_3c576816,1,48
gsc_0d9b9826,0,48
gsc_8806bb9a,0,48
gsc_23d1b2b3,0,48
gsc_a2650475,1,48
gsc_6028c0b4,0,48
gsc_e1da6710,0,48
gsc_29a55a03,1,48
gsc_14ad687f,1,48
gsc_db5d98b9,0,48
gsc_8b981ed9,0,48
gsc_0993f49b,1,48
gsc_29153e46,1,48
gsc_ca422b0f,1,48
gsc_044b0938,1,48
gsc_1c4cb0a7,1,49
gsc_436d6a95,1,49
gsc_cbf43961,0,49
gsc_dbdeecee,1,49
gsc_9ae84ee9,0,49
gsc_24e3f872,1,49
gsc_22fa3f54,0,49
gsc_4110ad02,0,49
gsc_f60b7064,0,49
gsc_e256903a,1,49
gsc_0d7ebb3f,1,49
gsc_8471e69a,0,49
gsc_530475cc,1,49
gsc_9b9736a9,1,49
gsc_9a315f48,1,49
gsc_b581ce43,0,49
gsc_70b8c4f3,0,49
gsc_7c52cae2,1,49
gsc_9c58b051,1,49
gsc_7fa9cd11,0,49
gsc_5a74fe62,0,49
gsc_305f0c13,0,49
gsc_4e1a3599,1,49
gsc_166404bb,1,49
gsc_b697aab5,0,49
gsc_5ccf1b7d,0,49
gsc_024398ce,0,50
gsc_7dc0c275,0,50
gsc_fdf2eb64,0,50
gsc_60e02557,0,50
gsc_820a1ae3,0,50
gsc_6a134228,0,50
gsc_eb1798df,0,50
gsc_e940d299,0,50
gsc_01abb3d0,1,50
gsc_56d0745b,0,50
gsc_49ebb215,0,50
gsc_d3d111ff,1,50
gsc_60e1a57b,0,50
gsc_78ba2f6a,1,50
gsc_345cdbe7,1,50
gsc_9da58341,1,50
gsc_5b4954b1,1,50
gsc_9db0dab2,0,50
gsc_cf49b8dc,1,50
gsc_f36a09eb,0,50
gsc_a6dc291d,0,51
gsc_d1f20297,1,51
gsc_4027b5ee,1,51
gsc_a4ef5fb0,0,51
gsc_ee9ceef1,1,51
gsc_95031d6f,1,51
gsc_2977de12,0,51
gsc_1b8ad0bf,0,51
gsc_c9c1d4d7,0,51
gsc_6f978b75,0,51
gsc_ce064e19,0,51
gsc_462722c4,0,51
gsc_9699dcd2,1,51
gsc_0375056f,1,51
gsc_745caf7c,0,52
gsc_9951373f,0,52
gsc_3cd25ece,1,52
gsc_3726b660,0,52
gsc_a6ae2c2f,1,52
gsc_7ef7907c,0,52
gsc_f4c46b51,0,52
gsc_b4d8ba88,0,52
gsc_39cf240f,1,52
gsc_ec2aeec8,0,52
gsc_e057cbd1,0,52
gsc_5d9b67ee,0,52
gsc_91ba6285,1,52
gsc_55cf291c,0,52
gsc_7311104f,0,52
gsc_dfd84f20,1,52
gsc_84a30d56,1,52
gsc_563cf01f,0,53
gsc_140bb279,0,53
gsc_e9b83ee5,0,53
gsc_6828f7ee,0,53
gsc_36b77898,0,53
gsc_f6f70148,1,53
gsc_a6caffa6,0,53
gsc_44accebb,0,53
gsc_75868b19,1,54
gsc_2484dea9,1,54
gsc_42d6a247,1,54
gsc_dd04cfc2,1,54
gsc_55f56479,0,54
gsc_aeaf48dd,1,54
gsc_912568c0,0,54
gsc_6ac1b9b6,1,54
gsc_d9620e91,1,54
gsc_388d0e3c,0,54
gsc_8b3e62f6,0,55
gsc_d6846e55,1,55
gsc_c04256be,1,55
gsc_de09d9fe,1,55
gsc_d075b506,1,55
gsc_4a27a00e,0,55
gsc_b277d42b,0,55
gsc_aaad6a52,1,55
gsc_c974cfe1,1,55
gsc_aa7fc9dc,0,55
gsc_4ae8f256,0,55
gsc_1411b0d1,0,55
gsc_b0e5db3c,1,55
gsc_8418d159,0,55
gsc_d6449c4e,0,56
gsc_7d8c8e32,1,56
gsc_1c09b1db,1,56
gsc_70e97460,1,56
gsc_7a0832e8,1,56
gsc_44794b34,1,57
gsc_6f7072a9,1,57
gsc_ac3bd620,0,57
gsc_9f7a733c,1,58
gsc_fd375ff4,0,58
gsc_ebc92a3a,1,58
gsc_81d7f3db,0,58
gsc_6d8b50db,0,58
gsc_d51d8f40,0,58
gsc_8e5786dc,1,59
gsc_5a2db252,1,59
gsc_07e7e64a,1,59
gsc_b5d0f171,1,59
gsc_0ae3632a,1,59
gsc_e869b4a3,0,59
gsc_f2d3ee58,0,60
gsc_dc23cae8,0,60
gsc_dfd61ff5,0,60
gsc_5d13912b,1,61
gsc_539e69cd,0,61
gsc_3a64ef49,1,61
gsc_af9e2b4b,0,61
gsc_c8c03254,0,61
gsc_104e786d,0,61
gsc_15400b2f,1,61
gsc_482c9ff2,1,62
gsc_6a4dec25,0,62
gsc_14ef8966,0,62
gsc_03152c00,0,62
gsc_4af603eb,0,62
gsc_cf13ec68,1,63
gsc_31934fc5,0,63
gsc_b5dc4c60,1,63
gsc_28f783a4,0,63
gsc_e6ba608a,0,63
gsc_5477a1b6,1,64
gsc_335d2fb6,0,64
gsc_66a01d98,0,64
gsc_3e330db2,1,64
gsc_d9c2aaf4,0,64
gsc_48bede7a,1,64
gsc_a74066a3,0,64
gsc_e3aa619d,0,64
gsc_3c40ad47,0,65
gsc_89cb224a,1,65
gsc_db05ae01,0,65
gsc_8982ceb7,0,65
gsc_eef511f3,0,65
gsc_4276eb5c,1,65
gsc_ffa72603,0,65
gsc_1980f9bf,0,66
gsc_c60f104a,1,66
gsc_aaa18302,1,66
gsc_413234a2,0,66
gsc_2d7d9703,0,66
gsc_fcb69372,0,66
gsc_921ea9b9,0,66
gsc_7ddcefe7,0,66
gsc_949e1a96,0,67
gsc_5e4362d4,1,67
gsc_b00721db,0,67
gsc_2f40252e,1,67
gsc_11358d30,1,68
gsc_4d744359,0,68
gsc_f686414f,1,68
gsc_04b240b9,1,68
gsc_8ef50db9,1,68
gsc_880dc6fd,0,68
gsc_4492355e,1,68
gsc_ae4c6b74,1,68
gsc_1aa6db27,1,68
gsc_241c1409,0,68
gsc_b041ea3b,0,68
gsc_d2605fa1,0,69
gsc_fb415fed,1,69
gsc_90c35bd7,0,69
gsc_b7bebc1f,1,69
gsc_142c40c6,0,69
gsc_041251c9,0,69
gsc_63b352a5,0,69
gsc_d76e516e,1,69
gsc_137eb201,0,70
gsc_4d75db4a,1,70
gsc_98fefd71,1,70
gsc_0e251bb7,0,70
gsc_18317708,1,70
gsc_52aa2d6f,0,70
gsc_4980b798,0,71
gsc_ebf14aa9,0,71
gsc_d71a680c,0,71
gsc_1f754865,0,71
gsc_89d25418,0,71
gsc_e7e5e016,0,72
gsc_448824bf,1,72
gsc_a3d7b843,1,72
gsc_5409e979,1,72
gsc_2834203b,1,72
gsc_51688fc6,0,72
gsc_8ea28b48,1,72
gsc_0abfb9bb,0,73
gsc_cf5217bc,0,73
gsc_d67c3c95,0,74
gsc_ee4c35de,0,74
gsc_2d61f9a8,0,74
gsc_42d529cb,1,75
gsc_9e3aa04b,0,75
gsc_969cbbaf,1,76
gsc_aa0d5010,1,77
gsc_1c400a53,0,77
gsc_2a5e8374,1,77
gsc_c6381087,1,80
gsc_eef75de1,0,80
gsc_50cf5336,1,88
gsc_9a6c8bd6,0,NA
gsc_26462e06,0,NA
gsc_3467e7ff,0,NA
gsc_05e84e61,1,NA
gsc_295b3513,1,NA
gsc_d9a1ab2c,1,NA
gsc_60c66ce0,0,NA
gsc_79e080d6,0,NA
gsc_97b42b34,0,NA
gsc_41e299cf,1,NA
gsc_33586aa0,0,NA
gsc_10cbe13d,1,NA
gsc_d3855bcc,1,NA
gsc_a6c9cd8b,0,NA
gsc_25da5262,0,NA
gsc_dd2ec2bd,0,NA
gsc_630aa322,1,NA
gsc_c8ed2fd8,1,NA
gsc_a8e7c43a,0,NA
gsc_87f21c76,0,NA
gsc_1bb2cccd,0,NA
gsc_9163c687,1,NA
gsc_7e4310e1,1,NA
gsc_fc9e69a1,1,NA
gsc_677d7caf,0,NA
